[{"model": "admin.logentry", "pk": 1, "fields": {"action_time": "2025-05-03T16:23:03.153Z", "user": 2, "content_type": 9, "object_id": "5", "object_repr": "EmilyS", "action_flag": 3, "change_message": ""}}, {"model": "admin.logentry", "pk": 2, "fields": {"action_time": "2025-05-19T15:56:16.376Z", "user": 2, "content_type": 7, "object_id": "1cca4cee-cc1d-4ee7-a7e9-a1785e9fb9aa", "object_repr": "Test 2", "action_flag": 2, "change_message": "[{\"changed\": {\"fields\": [\"Owner\"]}}]"}}, {"model": "admin.logentry", "pk": 3, "fields": {"action_time": "2025-05-19T15:56:21.462Z", "user": 2, "content_type": 7, "object_id": "9ca0e3ae-22e4-4f31-8566-45f46d0fea58", "object_repr": "jjjjjjj", "action_flag": 2, "change_message": "[{\"changed\": {\"fields\": [\"Owner\"]}}]"}}, {"model": "admin.logentry", "pk": 4, "fields": {"action_time": "2025-05-19T15:56:27.160Z", "user": 2, "content_type": 7, "object_id": "38b34172-5f3c-4746-ba7a-4834f383375e", "object_repr": "wadsads", "action_flag": 2, "change_message": "[{\"changed\": {\"fields\": [\"Owner\"]}}]"}}, {"model": "admin.logentry", "pk": 5, "fields": {"action_time": "2025-05-19T15:56:31.511Z", "user": 2, "content_type": 7, "object_id": "1cca4cee-cc1d-4ee7-a7e9-a1785e9fb9aa", "object_repr": "Test 2", "action_flag": 2, "change_message": "[]"}}, {"model": "admin.logentry", "pk": 6, "fields": {"action_time": "2025-05-21T17:07:38.518Z", "user": 2, "content_type": 7, "object_id": "e1b5dec0-520b-47ea-90a3-8ec4a9d8e9e5", "object_repr": "Cyberia townvilla", "action_flag": 2, "change_message": "[{\"changed\": {\"fields\": [\"Location\"]}}]"}}, {"model": "admin.logentry", "pk": 7, "fields": {"action_time": "2025-05-21T17:07:47.065Z", "user": 2, "content_type": 7, "object_id": "d72d4a81-c255-4bc1-b9f2-b2201c5fb7d5", "object_repr": "test 2", "action_flag": 2, "change_message": "[{\"changed\": {\"fields\": [\"Location\"]}}]"}}, {"model": "admin.logentry", "pk": 8, "fields": {"action_time": "2025-05-21T17:07:54.148Z", "user": 2, "content_type": 7, "object_id": "9ca0e3ae-22e4-4f31-8566-45f46d0fea58", "object_repr": "jjjjjjj", "action_flag": 2, "change_message": "[{\"changed\": {\"fields\": [\"Location\"]}}]"}}, {"model": "admin.logentry", "pk": 9, "fields": {"action_time": "2025-05-21T17:07:59.880Z", "user": 2, "content_type": 7, "object_id": "84519956-0147-4e15-90b3-b6681caa4cb1", "object_repr": "231231323", "action_flag": 2, "change_message": "[{\"changed\": {\"fields\": [\"Location\"]}}]"}}, {"model": "admin.logentry", "pk": 10, "fields": {"action_time": "2025-05-21T17:08:09.523Z", "user": 2, "content_type": 7, "object_id": "624388b5-7c3c-450d-9965-bcf5ccd8b84c", "object_repr": "test again", "action_flag": 2, "change_message": "[{\"changed\": {\"fields\": [\"Location\"]}}]"}}, {"model": "admin.logentry", "pk": 11, "fields": {"action_time": "2025-05-21T17:08:12.472Z", "user": 2, "content_type": 7, "object_id": "624388b5-7c3c-450d-9965-bcf5ccd8b84c", "object_repr": "test again", "action_flag": 2, "change_message": "[]"}}, {"model": "admin.logentry", "pk": 12, "fields": {"action_time": "2025-05-21T17:08:18.340Z", "user": 2, "content_type": 7, "object_id": "38b34172-5f3c-4746-ba7a-4834f383375e", "object_repr": "wadsads", "action_flag": 2, "change_message": "[{\"changed\": {\"fields\": [\"Location\"]}}]"}}, {"model": "admin.logentry", "pk": 13, "fields": {"action_time": "2025-05-21T17:08:23.492Z", "user": 2, "content_type": 7, "object_id": "38b34172-5f3c-4746-ba7a-4834f383375e", "object_repr": "wadsads", "action_flag": 2, "change_message": "[]"}}, {"model": "admin.logentry", "pk": 14, "fields": {"action_time": "2025-05-21T17:08:32.609Z", "user": 2, "content_type": 7, "object_id": "1cca4cee-cc1d-4ee7-a7e9-a1785e9fb9aa", "object_repr": "Test 2", "action_flag": 2, "change_message": "[{\"changed\": {\"fields\": [\"Location\"]}}]"}}, {"model": "admin.logentry", "pk": 15, "fields": {"action_time": "2025-05-21T17:08:35.235Z", "user": 2, "content_type": 7, "object_id": "38b34172-5f3c-4746-ba7a-4834f383375e", "object_repr": "wadsads", "action_flag": 2, "change_message": "[]"}}, {"model": "admin.logentry", "pk": 16, "fields": {"action_time": "2025-05-21T17:08:45.570Z", "user": 2, "content_type": 7, "object_id": "84519956-0147-4e15-90b3-b6681caa4cb1", "object_repr": "231231323", "action_flag": 2, "change_message": "[{\"changed\": {\"fields\": [\"Size\"]}}]"}}, {"model": "admin.logentry", "pk": 17, "fields": {"action_time": "2025-05-21T17:08:50.790Z", "user": 2, "content_type": 7, "object_id": "d72d4a81-c255-4bc1-b9f2-b2201c5fb7d5", "object_repr": "test 2", "action_flag": 2, "change_message": "[]"}}, {"model": "admin.logentry", "pk": 18, "fields": {"action_time": "2025-05-21T17:08:53.639Z", "user": 2, "content_type": 7, "object_id": "84519956-0147-4e15-90b3-b6681caa4cb1", "object_repr": "231231323", "action_flag": 2, "change_message": "[]"}}, {"model": "admin.logentry", "pk": 19, "fields": {"action_time": "2025-05-21T17:08:56.918Z", "user": 2, "content_type": 7, "object_id": "e1b5dec0-520b-47ea-90a3-8ec4a9d8e9e5", "object_repr": "Cyberia townvilla", "action_flag": 2, "change_message": "[]"}}, {"model": "admin.logentry", "pk": 20, "fields": {"action_time": "2025-05-25T17:34:04.450Z", "user": 2, "content_type": 11, "object_id": "1", "object_repr": "Swimming Pool", "action_flag": 1, "change_message": "[{\"added\": {}}]"}}, {"model": "admin.logentry", "pk": 21, "fields": {"action_time": "2025-05-25T17:34:10.692Z", "user": 2, "content_type": 11, "object_id": "2", "object_repr": "Gym", "action_flag": 1, "change_message": "[{\"added\": {}}]"}}, {"model": "admin.logentry", "pk": 22, "fields": {"action_time": "2025-05-25T17:34:14.878Z", "user": 2, "content_type": 11, "object_id": "3", "object_repr": "Parking", "action_flag": 1, "change_message": "[{\"added\": {}}]"}}, {"model": "admin.logentry", "pk": 23, "fields": {"action_time": "2025-05-25T17:34:23.060Z", "user": 2, "content_type": 11, "object_id": "4", "object_repr": "Balcony", "action_flag": 1, "change_message": "[{\"added\": {}}]"}}, {"model": "admin.logentry", "pk": 24, "fields": {"action_time": "2025-05-25T17:34:28.388Z", "user": 2, "content_type": 11, "object_id": "5", "object_repr": "Garden", "action_flag": 1, "change_message": "[{\"added\": {}}]"}}, {"model": "admin.logentry", "pk": 25, "fields": {"action_time": "2025-05-25T17:34:35.536Z", "user": 2, "content_type": 11, "object_id": "6", "object_repr": "Air Conditioning", "action_flag": 1, "change_message": "[{\"added\": {}}]"}}, {"model": "admin.logentry", "pk": 26, "fields": {"action_time": "2025-05-25T17:35:25.402Z", "user": 2, "content_type": 11, "object_id": "7", "object_repr": "Tennis Court", "action_flag": 1, "change_message": "[{\"added\": {}}]"}}, {"model": "admin.logentry", "pk": 27, "fields": {"action_time": "2025-05-25T17:35:33.244Z", "user": 2, "content_type": 11, "object_id": "8", "object_repr": "Basketball Court", "action_flag": 1, "change_message": "[{\"added\": {}}]"}}, {"model": "admin.logentry", "pk": 28, "fields": {"action_time": "2025-05-25T17:35:36.744Z", "user": 2, "content_type": 11, "object_id": "9", "object_repr": "Patio", "action_flag": 1, "change_message": "[{\"added\": {}}]"}}, {"model": "admin.logentry", "pk": 29, "fields": {"action_time": "2025-05-25T17:35:41.802Z", "user": 2, "content_type": 11, "object_id": "10", "object_repr": "Private Pool", "action_flag": 1, "change_message": "[{\"added\": {}}]"}}, {"model": "admin.logentry", "pk": 30, "fields": {"action_time": "2025-05-25T17:35:51.685Z", "user": 2, "content_type": 11, "object_id": "11", "object_repr": "Rooftop Terrace", "action_flag": 1, "change_message": "[{\"added\": {}}]"}}, {"model": "admin.logentry", "pk": 31, "fields": {"action_time": "2025-05-25T17:36:00.061Z", "user": 2, "content_type": 11, "object_id": "12", "object_repr": "24/7 Security", "action_flag": 1, "change_message": "[{\"added\": {}}]"}}, {"model": "admin.logentry", "pk": 32, "fields": {"action_time": "2025-05-25T17:36:16.054Z", "user": 2, "content_type": 11, "object_id": "13", "object_repr": "Walk-in Closet", "action_flag": 1, "change_message": "[{\"added\": {}}]"}}, {"model": "admin.logentry", "pk": 33, "fields": {"action_time": "2025-05-25T17:36:23.500Z", "user": 2, "content_type": 11, "object_id": "14", "object_repr": "Fireplace", "action_flag": 1, "change_message": "[{\"added\": {}}]"}}, {"model": "admin.logentry", "pk": 34, "fields": {"action_time": "2025-05-25T17:36:41.619Z", "user": 2, "content_type": 11, "object_id": "15", "object_repr": "High-Speed Internet", "action_flag": 1, "change_message": "[{\"added\": {}}]"}}, {"model": "admin.logentry", "pk": 35, "fields": {"action_time": "2025-06-01T18:05:21.549Z", "user": 2, "content_type": 7, "object_id": "e1b5dec0-520b-47ea-90a3-8ec4a9d8e9e5", "object_repr": "Cyberia townvilla", "action_flag": 3, "change_message": ""}}, {"model": "admin.logentry", "pk": 36, "fields": {"action_time": "2025-06-01T18:05:44.439Z", "user": 2, "content_type": 7, "object_id": "d72d4a81-c255-4bc1-b9f2-b2201c5fb7d5", "object_repr": "test 2", "action_flag": 3, "change_message": ""}}, {"model": "admin.logentry", "pk": 37, "fields": {"action_time": "2025-06-01T18:05:44.439Z", "user": 2, "content_type": 7, "object_id": "d3ee0e2c-4bba-4eef-9313-b37625713fbe", "object_repr": "99987656556", "action_flag": 3, "change_message": ""}}, {"model": "admin.logentry", "pk": 38, "fields": {"action_time": "2025-06-01T18:05:44.439Z", "user": 2, "content_type": 7, "object_id": "bb5d6724-6bd1-494b-a891-0487bba27abd", "object_repr": "123231", "action_flag": 3, "change_message": ""}}, {"model": "admin.logentry", "pk": 39, "fields": {"action_time": "2025-06-01T18:05:44.439Z", "user": 2, "content_type": 7, "object_id": "9ca0e3ae-22e4-4f31-8566-45f46d0fea58", "object_repr": "jjjjjjj", "action_flag": 3, "change_message": ""}}, {"model": "admin.logentry", "pk": 40, "fields": {"action_time": "2025-06-01T18:05:44.439Z", "user": 2, "content_type": 7, "object_id": "8bba9649-49d5-43eb-9be3-86294c36fd64", "object_repr": "123123123", "action_flag": 3, "change_message": ""}}, {"model": "admin.logentry", "pk": 41, "fields": {"action_time": "2025-06-01T18:05:44.439Z", "user": 2, "content_type": 7, "object_id": "84519956-0147-4e15-90b3-b6681caa4cb1", "object_repr": "231231323", "action_flag": 3, "change_message": ""}}, {"model": "admin.logentry", "pk": 42, "fields": {"action_time": "2025-06-01T18:05:44.439Z", "user": 2, "content_type": 7, "object_id": "75a687ef-3837-41e5-b51f-0d1a57466731", "object_repr": "sadasdad", "action_flag": 3, "change_message": ""}}, {"model": "admin.logentry", "pk": 43, "fields": {"action_time": "2025-06-01T18:05:44.439Z", "user": 2, "content_type": 7, "object_id": "624388b5-7c3c-450d-9965-bcf5ccd8b84c", "object_repr": "test again", "action_flag": 3, "change_message": ""}}, {"model": "admin.logentry", "pk": 44, "fields": {"action_time": "2025-06-01T18:05:44.439Z", "user": 2, "content_type": 7, "object_id": "5b95ee30-c16f-4923-9106-77c86433e8ef", "object_repr": "dsfq23", "action_flag": 3, "change_message": ""}}, {"model": "admin.logentry", "pk": 45, "fields": {"action_time": "2025-06-01T18:05:44.439Z", "user": 2, "content_type": 7, "object_id": "58734bc5-c77e-4ee5-a6e9-1641c34d0bbb", "object_repr": "123123", "action_flag": 3, "change_message": ""}}, {"model": "admin.logentry", "pk": 46, "fields": {"action_time": "2025-06-01T18:05:44.440Z", "user": 2, "content_type": 7, "object_id": "5309b2e9-8326-46af-9e19-54d592ceb1a4", "object_repr": "asijhdkjadskjds", "action_flag": 3, "change_message": ""}}, {"model": "admin.logentry", "pk": 47, "fields": {"action_time": "2025-06-01T18:05:44.440Z", "user": 2, "content_type": 7, "object_id": "3e2672d7-3f1c-4cb3-84f1-bcee497460a5", "object_repr": "asdjklasjdflkhsaf", "action_flag": 3, "change_message": ""}}, {"model": "admin.logentry", "pk": 48, "fields": {"action_time": "2025-06-01T18:05:44.440Z", "user": 2, "content_type": 7, "object_id": "38b34172-5f3c-4746-ba7a-4834f383375e", "object_repr": "wadsads", "action_flag": 3, "change_message": ""}}, {"model": "admin.logentry", "pk": 49, "fields": {"action_time": "2025-06-01T18:05:44.440Z", "user": 2, "content_type": 7, "object_id": "1cca4cee-cc1d-4ee7-a7e9-a1785e9fb9aa", "object_repr": "Test 2", "action_flag": 3, "change_message": ""}}, {"model": "admin.logentry", "pk": 50, "fields": {"action_time": "2025-06-01T18:05:44.440Z", "user": 2, "content_type": 7, "object_id": "14c13f7d-d3cd-4088-9af9-eeb00e92eb88", "object_repr": "dsgfghdh", "action_flag": 3, "change_message": ""}}, {"model": "admin.logentry", "pk": 51, "fields": {"action_time": "2025-06-01T18:05:44.440Z", "user": 2, "content_type": 7, "object_id": "05b74f68-842f-4965-8bf4-1507c360434e", "object_repr": "yyyu", "action_flag": 3, "change_message": ""}}, {"model": "auth.permission", "pk": 1, "fields": {"name": "Can add log entry", "content_type": 1, "codename": "add_logentry"}}, {"model": "auth.permission", "pk": 2, "fields": {"name": "Can change log entry", "content_type": 1, "codename": "change_logentry"}}, {"model": "auth.permission", "pk": 3, "fields": {"name": "Can delete log entry", "content_type": 1, "codename": "delete_logentry"}}, {"model": "auth.permission", "pk": 4, "fields": {"name": "Can view log entry", "content_type": 1, "codename": "view_logentry"}}, {"model": "auth.permission", "pk": 5, "fields": {"name": "Can add permission", "content_type": 2, "codename": "add_permission"}}, {"model": "auth.permission", "pk": 6, "fields": {"name": "Can change permission", "content_type": 2, "codename": "change_permission"}}, {"model": "auth.permission", "pk": 7, "fields": {"name": "Can delete permission", "content_type": 2, "codename": "delete_permission"}}, {"model": "auth.permission", "pk": 8, "fields": {"name": "Can view permission", "content_type": 2, "codename": "view_permission"}}, {"model": "auth.permission", "pk": 9, "fields": {"name": "Can add group", "content_type": 3, "codename": "add_group"}}, {"model": "auth.permission", "pk": 10, "fields": {"name": "Can change group", "content_type": 3, "codename": "change_group"}}, {"model": "auth.permission", "pk": 11, "fields": {"name": "Can delete group", "content_type": 3, "codename": "delete_group"}}, {"model": "auth.permission", "pk": 12, "fields": {"name": "Can view group", "content_type": 3, "codename": "view_group"}}, {"model": "auth.permission", "pk": 13, "fields": {"name": "Can add content type", "content_type": 4, "codename": "add_contenttype"}}, {"model": "auth.permission", "pk": 14, "fields": {"name": "Can change content type", "content_type": 4, "codename": "change_contenttype"}}, {"model": "auth.permission", "pk": 15, "fields": {"name": "Can delete content type", "content_type": 4, "codename": "delete_contenttype"}}, {"model": "auth.permission", "pk": 16, "fields": {"name": "Can view content type", "content_type": 4, "codename": "view_contenttype"}}, {"model": "auth.permission", "pk": 17, "fields": {"name": "Can add session", "content_type": 5, "codename": "add_session"}}, {"model": "auth.permission", "pk": 18, "fields": {"name": "Can change session", "content_type": 5, "codename": "change_session"}}, {"model": "auth.permission", "pk": 19, "fields": {"name": "Can delete session", "content_type": 5, "codename": "delete_session"}}, {"model": "auth.permission", "pk": 20, "fields": {"name": "Can view session", "content_type": 5, "codename": "view_session"}}, {"model": "auth.permission", "pk": 21, "fields": {"name": "Can add tag", "content_type": 6, "codename": "add_tag"}}, {"model": "auth.permission", "pk": 22, "fields": {"name": "Can change tag", "content_type": 6, "codename": "change_tag"}}, {"model": "auth.permission", "pk": 23, "fields": {"name": "Can delete tag", "content_type": 6, "codename": "delete_tag"}}, {"model": "auth.permission", "pk": 24, "fields": {"name": "Can view tag", "content_type": 6, "codename": "view_tag"}}, {"model": "auth.permission", "pk": 25, "fields": {"name": "Can add listing", "content_type": 7, "codename": "add_listing"}}, {"model": "auth.permission", "pk": 26, "fields": {"name": "Can change listing", "content_type": 7, "codename": "change_listing"}}, {"model": "auth.permission", "pk": 27, "fields": {"name": "Can delete listing", "content_type": 7, "codename": "delete_listing"}}, {"model": "auth.permission", "pk": 28, "fields": {"name": "Can view listing", "content_type": 7, "codename": "view_listing"}}, {"model": "auth.permission", "pk": 29, "fields": {"name": "Can add listing image", "content_type": 8, "codename": "add_listingimage"}}, {"model": "auth.permission", "pk": 30, "fields": {"name": "Can change listing image", "content_type": 8, "codename": "change_listingimage"}}, {"model": "auth.permission", "pk": 31, "fields": {"name": "Can delete listing image", "content_type": 8, "codename": "delete_listingimage"}}, {"model": "auth.permission", "pk": 32, "fields": {"name": "Can view listing image", "content_type": 8, "codename": "view_listingimage"}}, {"model": "auth.permission", "pk": 33, "fields": {"name": "Can add user", "content_type": 9, "codename": "add_customuser"}}, {"model": "auth.permission", "pk": 34, "fields": {"name": "Can change user", "content_type": 9, "codename": "change_customuser"}}, {"model": "auth.permission", "pk": 35, "fields": {"name": "Can delete user", "content_type": 9, "codename": "delete_customuser"}}, {"model": "auth.permission", "pk": 36, "fields": {"name": "Can view user", "content_type": 9, "codename": "view_customuser"}}, {"model": "auth.permission", "pk": 37, "fields": {"name": "Can add message", "content_type": 10, "codename": "add_message"}}, {"model": "auth.permission", "pk": 38, "fields": {"name": "Can change message", "content_type": 10, "codename": "change_message"}}, {"model": "auth.permission", "pk": 39, "fields": {"name": "Can delete message", "content_type": 10, "codename": "delete_message"}}, {"model": "auth.permission", "pk": 40, "fields": {"name": "Can view message", "content_type": 10, "codename": "view_message"}}, {"model": "auth.permission", "pk": 41, "fields": {"name": "Can add feature", "content_type": 11, "codename": "add_feature"}}, {"model": "auth.permission", "pk": 42, "fields": {"name": "Can change feature", "content_type": 11, "codename": "change_feature"}}, {"model": "auth.permission", "pk": 43, "fields": {"name": "Can delete feature", "content_type": 11, "codename": "delete_feature"}}, {"model": "auth.permission", "pk": 44, "fields": {"name": "Can view feature", "content_type": 11, "codename": "view_feature"}}, {"model": "contenttypes.contenttype", "pk": 1, "fields": {"app_label": "admin", "model": "logentry"}}, {"model": "contenttypes.contenttype", "pk": 2, "fields": {"app_label": "auth", "model": "permission"}}, {"model": "contenttypes.contenttype", "pk": 3, "fields": {"app_label": "auth", "model": "group"}}, {"model": "contenttypes.contenttype", "pk": 4, "fields": {"app_label": "contenttypes", "model": "contenttype"}}, {"model": "contenttypes.contenttype", "pk": 5, "fields": {"app_label": "sessions", "model": "session"}}, {"model": "contenttypes.contenttype", "pk": 6, "fields": {"app_label": "listings", "model": "tag"}}, {"model": "contenttypes.contenttype", "pk": 7, "fields": {"app_label": "listings", "model": "listing"}}, {"model": "contenttypes.contenttype", "pk": 8, "fields": {"app_label": "listings", "model": "listingimage"}}, {"model": "contenttypes.contenttype", "pk": 9, "fields": {"app_label": "users", "model": "customuser"}}, {"model": "contenttypes.contenttype", "pk": 10, "fields": {"app_label": "chat", "model": "message"}}, {"model": "contenttypes.contenttype", "pk": 11, "fields": {"app_label": "listings", "model": "feature"}}, {"model": "sessions.session", "pk": "emuk89bggiw7jaki7fcc2a9gmc1luzf2", "fields": {"session_data": ".eJxVjDsOwjAQBe_iGll21j8o6XMGa9de4wBypDipEHeHSCmgfTPzXiLitta4dV7ilMVFaHH63QjTg9sO8h3bbZZpbusykdwVedAuxznz83q4fwcVe_3WBtizUcjelTKgOnPxBJC9JxUI1WDYg7YWUwEXkrLFQiLlUqDsIGvx_gDvCjgo:1u9ZAA:kDaiyXJUUGOT9mRr9s25vFuDOlBB22h-4dnPDMNmpW4", "expire_date": "2025-05-13T00:49:30.275Z"}}, {"model": "sessions.session", "pk": "jlld9jadxg5jfhtfgqrm2i28c3cdrmyi", "fields": {"session_data": ".eJxVjDEOwyAQBP9CHSHAGOyU6f0GdHB3wUkEkrGrKH-PLblImi12ZvctAmxrDlujJcworsKLy28XIT2pHAAfUO5VplrWZY7yUORJm5wq0ut2un8HGVre14AIPQ-eO2cNJg_QudFyZ5RVBlBTtKQJk3NOwZ5Dr1izopGS0sgoPl8BrDi3:1uMCD8:BKO_-PfnUlBPqvg1Jat0YiRY7fxVcKD0fjPoaxyNUh8", "expire_date": "2025-06-16T20:56:46.080Z"}}, {"model": "listings.listing", "pk": "35ee0ea6-e31f-45df-a03a-dfc16d94f76a", "fields": {"owner": 6, "title": "Wangsa Metroview", "price": "395000.00", "location": "Kuala Lumpur", "created_at": "2025-05-29T16:33:34.876Z", "updated_at": "2025-05-29T16:33:34.876Z", "property_type": "", "room_count": 1, "size": "Small", "description": "Wangsa Metroview , Wangsa Maju Seksyen 2,,\r\nNear Wangsa Maju Lrt and Aeon Jusco,\r\n1150sf, 3 bedrooms, 2 bathrooms, nicely reno,\r\nVery well maintain and move in condition,\r\nHigh Floor with KLCC view, nice view,\r\nPlease call Kristine Lim for viewing,", "listing_type": "", "availability": "", "condition": "", "furnishing": "", "images": [13, 14, 15, 16], "features": []}}, {"model": "listings.listing", "pk": "9103e0b6-586c-4ad0-a38d-dfed4b11313c", "fields": {"owner": 6, "title": "Female-Only Room for Rent – Cyberjaya", "price": "350.00", "location": "Johor", "created_at": "2025-06-01T18:27:37.844Z", "updated_at": "2025-06-01T18:28:00.070Z", "property_type": "Apartment", "room_count": 1, "size": "Medium", "description": "Sharing - RM350/person\r\nNon Sharing - RM700/room\r\n\r\n📩 Contact me for more details!\r\n\r\n✨ Highlights:\r\n🚶‍♀️ Just a 2 minute walk to the bus stop\r\n🛒 Close to convenient marts\r\n🍽️ Near popular mamak stalls and restaurants\r\n🛋️ Fully furnished for your comfort\r\n\r\n🛠️ Included Utilities:\r\n🧺 Washing machine\r\n🔥 Stove\r\n🧊 Refrigerator\r\n👔 Iron\r\n🛏️ Bed & mattress\r\n🌡️ Water heater\r\n\r\n🏢 Facilities Available:\r\n🏋️‍♀️ Gym\r\n🏊‍♀️ Swimming pool\r\n🔑 Access card for building security\r\n🎠 Cafeteria\r\n\r\n**Nearby**\r\n🏫 Multimedia University (MMU)\r\n🏫 University of Cyberjaya (UoC)\r\n🏬 Tamarind Square\r\n🏬 Dpulze Mall (TGV Cinema)\r\n🕌 Cyberjaya Mosque\r\n📚 Sekolah Rendah & Sekolah Menengah Cyberjaya\r\n🚝 MRT Cyberjaya Utara & Selatan\r\n🚝 Putrajaya Sentra", "listing_type": "For Rent", "availability": "Immediate", "condition": "Renovated", "furnishing": "Fully Furnished", "images": [32, 33, 34, 35], "features": [1, 3, 6, 12, 15]}}, {"model": "listings.listing", "pk": "bd04c0df-b997-4436-8f97-41cb1b7152c0", "fields": {"owner": 7, "title": "Bilik LELAKI di Plaza Rah Kg Baru, KL & Sekitar KL", "price": "300.00", "location": "Kuala Lumpur", "created_at": "2025-06-01T18:16:48.685Z", "updated_at": "2025-06-01T18:18:51.106Z", "property_type": "Apartment", "room_count": 1, "size": "Medium", "description": "Kekosongan masih ada jika iklan ini belum dipadamkan\r\nHarga bilik bermula RM300 seorang\r\n.\r\n- 3 minit ke Hospital Universiti Kebangsaan Malaysia (HUKM)\r\n- 4 minit ke Hospital Rehabilitasi Cheras (HRC)\r\n- 4 minit ke Klinik Kesihatan Cheras\r\n- 4 minit ke Taman Tasik Permaisuri\r\n- 5 minit ke Tesco Extra Cheras\r\n- 2 minit ke LRT Salak Selatan\r\n- 7 minit ke Hospital Pantai Cheras\r\n- 3 minit ke SM Teknik Kuala Lumpur dan SM Sains Selangor\r\n- 3 minit ke IPG Kampus Ilmu Khas\r\n- berdekatan bank2 dan kedai makan\r\n.\r\nA.Plaza Rah, Kg Baru, Kuala Lumpur\r\nBerdekatan dengan :\r\n- Hospital Kuala Lumpur (HKL)\r\n- Hospital Tunku Azizah (HTA)\r\n- Institut Jantung Negara (IJN)\r\n- Quill City Mall\r\n- Universiti Kebangsaan Malaysia (UKM)\r\n- Universiti Kuala Lumpur (UniKL)\r\n- Universiti Utara Malaysia (UUM)\r\n- Institut Jantung Negara (IJN)\r\n- Kuala Lumpur City Centre (KLCC)\r\n- Klinik Kesihatan Kuala Lumpur (KKKL)\r\n- Bukit Bintang\r\n- Dewan Bandaraya Kuala Lumpur (DBKL)\r\n- LRT Kg Baru\r\n- Monorail Chow Kit\r\n- MRT HKL & MRT Raja Uda\r\n* Sewa Stor untuk simpan barang juga boleh\r\n.\r\nJarak kurang dari 10 minit ke :\r\n- Hospital Kuala Lumpur (HKL)\r\n- Hospital Tunku Azizah (HTA)\r\n- Institut Jantung Negara (IJN)\r\n- KLCC\r\n- Bukit Bintang\r\n- Dewan Bandaraya Kuala Lumpur (DBKL)\r\n- LRT Wangsa Maju\r\n- Bas Rapid KL\r\n.\r\n.\r\nSyarat Penyewa :\r\n1. Tidak merokok dalam kawasan rumah\r\n2. Pembersih\r\n3. Golongan bekerja atau pelajar atau intern.\r\n4. Untuk sewaan masa singkat atau jangka panjang\r\n5. Tahu hormat rakan serumah\r\n.\r\nBerminat? Klik link whatsapp : https://wasap.my/6Show contact number/BilikSewaKL @ hubungi 6Show contact number\r\n.\r\nPenafian : Gambar di atas mungkin bukan gambaran sebenar kerana\r\nperlu menjaga privasi tuan rumah / penyewa", "listing_type": "For Rent", "availability": "Coming Soon", "condition": "New", "furnishing": "Fully Furnished", "images": [27, 28, 29, 30, 31], "features": [1, 2, 3, 4, 5, 6, 7, 12, 15]}}, {"model": "listings.listing", "pk": "ee63c312-ed3b-47b8-a21a-2972c0a8b869", "fields": {"owner": 7, "title": "32. Bilik LELAKI di Kg Baru,KL dan Sekitar KL", "price": "300.00", "location": "Kuala Lumpur", "created_at": "2025-06-01T18:13:12.042Z", "updated_at": "2025-06-01T18:17:05.646Z", "property_type": "Apartment", "room_count": 1, "size": "Medium", "description": "*Kekosongan masih ada jika iklan ini belum dipadamkan\r\nHarga bilik bermula RM300 seorang\r\n.\r\nA.Plaza Rah, Kg Baru, Kuala Lumpur\r\nBerdekatan dengan :\r\n- Hospital Kuala Lumpur (HKL)\r\n- Hospital Tunku Azizah (HTA)\r\n- Institut Jantung Negara (IJN)\r\n- Quill City Mall\r\n- Universiti Kebangsaan Malaysia (UKM)\r\n- Universiti Kuala Lumpur (UniKL)\r\n- Universiti Utara Malaysia (UUM)\r\n- Institut Jantung Negara (IJN)\r\n- Kuala Lumpur City Centre (KLCC)\r\n- Klinik Kesihatan Kuala Lumpur (KKKL)\r\n- Bukit Bintang\r\n- Dewan Bandaraya Kuala Lumpur (DBKL)\r\n- LRT Kg Baru\r\n- Monorail Chow Kit\r\n- MRT HKL & MRT Raja Uda\r\n* Sewa Stor untuk simpan barang juga boleh\r\n.\r\nJarak kurang dari 10 minit ke :\r\n- Hospital Kuala Lumpur (HKL)\r\n- Hospital Tunku Azizah (HTA)\r\n- Institut Jantung Negara (IJN)\r\n- KLCC\r\n- Bukit Bintang\r\n- Dewan Bandaraya Kuala Lumpur (DBKL)\r\n- LRT Wangsa Maju\r\n- Bas Rapid KL\r\n.\r\n- 3 minit ke Hospital Universiti Kebangsaan Malaysia (HUKM)\r\n- 4 minit ke Hospital Rehabilitasi Cheras (HRC)\r\n- 4 minit ke Klinik Kesihatan Cheras\r\n- 4 minit ke Taman Tasik Permaisuri\r\n- 5 minit ke Tesco Extra Cheras\r\n- 2 minit ke LRT Salak Selatan\r\n- 7 minit ke Hospital Pantai Cheras\r\n- 3 minit ke SM Teknik Kuala Lumpur dan SM Sains Selangor\r\n- 3 minit ke IPG Kampus Ilmu Khas\r\n- berdekatan bank2 dan kedai makan\r\n.\r\n.\r\nSyarat Penyewa :\r\n1. Tidak merokok dalam kawasan rumah\r\n2. Pembersih\r\n3. Golongan bekerja atau pelajar atau intern.\r\n4. Untuk sewaan masa singkat atau jangka panjang\r\n5. Tahu hormat rakan serumah\r\n.\r\nPenafian : Gambar di atas mungkin bukan gambaran sebenar kerana perlu menjaga privasi tuan rumah / penyewa", "listing_type": "For Rent", "availability": "Immediate", "condition": "New", "furnishing": "Fully Furnished", "images": [17, 18, 19, 20, 21, 22, 23, 24, 25, 26], "features": [2, 3, 4, 5, 6, 9, 12, 15]}}, {"model": "listings.listing", "pk": "fda4a256-91c2-47c9-b863-4ccce2d70e9f", "fields": {"owner": 6, "title": "Cluster House For Sale", "price": "750000.00", "location": "Putrajaya", "created_at": "2025-06-01T18:33:12.404Z", "updated_at": "2025-06-01T18:33:39.247Z", "property_type": "House", "room_count": 1, "size": "Small", "description": "We have all type of landed house, all brand new as below, Please contact us for more details\r\n\r\n-Terrace land size 20x65 built up 1786sf 4 bed 3 baths from 750k\r\n-Park home land size 20x97 built up 2000sf 4 bed 3 baths from 850k\r\n-Terrace land size 22x70 built up 2102sf 4 bed 4 baths from 940k\r\n-Super link house land size 34x60 built up 2500sf 4 bed 4 baths from 1.2mil\r\n-Super link house land size 26x65 built up 2518sf 4 bed 4 baths from 1.25mil\r\n-Cluster land size 32x70 built up 2300sf 4 bed 4 baths price 1.3mil\r\n-Semi D land size 36x75 built up 2600sf 4 bed 4 baths price 1.68mil\r\n-Bungalow land size 50x80 built up 3340 5 bed 6 baths price 2.7mil\r\n\r\n-Full loan with free SPA and Loan.\r\n-Gated and Guarded with greenery community.\r\n-Direct access to Cyberjaya without toll.\r\n-5 minutes to Water theme park.\r\n-15 minutes to KLIA.\r\n-Free shuttle to LRT cyberjaya, Mitsui Park and KLIA.\r\n-Within vicinity have starbuck, grocery, primary school, international school and kindergarten, cafe and local mamak shop, seven eleven, bila-bila mart and 99 speed mart\r\n-Please contact us for appointment to view house.", "listing_type": "For Sale", "availability": "Immediate", "condition": "Pre-owned", "furnishing": "Partially Furnished", "images": [36, 37, 38, 39, 40, 41, 42], "features": [3, 4, 5, 14]}}, {"model": "listings.feature", "pk": 1, "fields": {"name": "Swimming Pool"}}, {"model": "listings.feature", "pk": 2, "fields": {"name": "Gym"}}, {"model": "listings.feature", "pk": 3, "fields": {"name": "Parking"}}, {"model": "listings.feature", "pk": 4, "fields": {"name": "Balcony"}}, {"model": "listings.feature", "pk": 5, "fields": {"name": "Garden"}}, {"model": "listings.feature", "pk": 6, "fields": {"name": "Air Conditioning"}}, {"model": "listings.feature", "pk": 7, "fields": {"name": "Tennis Court"}}, {"model": "listings.feature", "pk": 8, "fields": {"name": "Basketball Court"}}, {"model": "listings.feature", "pk": 9, "fields": {"name": "Patio"}}, {"model": "listings.feature", "pk": 10, "fields": {"name": "Private Pool"}}, {"model": "listings.feature", "pk": 11, "fields": {"name": "Rooftop Terrace"}}, {"model": "listings.feature", "pk": 12, "fields": {"name": "24/7 Security"}}, {"model": "listings.feature", "pk": 13, "fields": {"name": "Walk-in Closet"}}, {"model": "listings.feature", "pk": 14, "fields": {"name": "Fireplace"}}, {"model": "listings.feature", "pk": 15, "fields": {"name": "High-Speed Internet"}}, {"model": "listings.listingimage", "pk": 13, "fields": {"image": "property_images/3e1f186ef64e3d81b2f5ef7ad82e5025-2933214580671110263.jpg", "listing": "35ee0ea6-e31f-45df-a03a-dfc16d94f76a", "image_hash": "fcf8e0e02040e0e0"}}, {"model": "listings.listingimage", "pk": 14, "fields": {"image": "property_images/15fdde277268766a97d7f9f2b3321cac-2933214544515292279.jpg", "listing": "35ee0ea6-e31f-45df-a03a-dfc16d94f76a", "image_hash": "00f8e1c9c9d93f01"}}, {"model": "listings.listingimage", "pk": 15, "fields": {"image": "property_images/81a58ec87d2c63f166ce020fe31608f8-2933214506396277879.jpg", "listing": "35ee0ea6-e31f-45df-a03a-dfc16d94f76a", "image_hash": "00fec2527e5b4100"}}, {"model": "listings.listingimage", "pk": 16, "fields": {"image": "property_images/8c23aca7dddd60961fbfb8c3c1eda5c5-2933214525263326717.jpg", "listing": "35ee0ea6-e31f-45df-a03a-dfc16d94f76a", "image_hash": "00fe3f1f5f7cfc78"}}, {"model": "listings.listingimage", "pk": 17, "fields": {"image": "property_images/eca7703d682fa2c148fa560d166320ec-2882204098055169359.jpg", "listing": "ee63c312-ed3b-47b8-a21a-2972c0a8b869", "image_hash": "6f0d0b07ebe1c138"}}, {"model": "listings.listingimage", "pk": 18, "fields": {"image": "property_images/0f24f0612bc6f764eea886b3e6ff89f7-2882204047248203095.jpg", "listing": "ee63c312-ed3b-47b8-a21a-2972c0a8b869", "image_hash": "fff8f9fbe00088de"}}, {"model": "listings.listingimage", "pk": 19, "fields": {"image": "property_images/c914d0b78effb0ec1da0abe05d4b957e-2882204085551308119.jpg", "listing": "ee63c312-ed3b-47b8-a21a-2972c0a8b869", "image_hash": "7c7efcfcd9854903"}}, {"model": "listings.listingimage", "pk": 20, "fields": {"image": "property_images/96575b24415f3171f669bc1feb5a9bb2-2882204123116477783.jpg", "listing": "ee63c312-ed3b-47b8-a21a-2972c0a8b869", "image_hash": "ff6fe3e1010010bf"}}, {"model": "listings.listingimage", "pk": 21, "fields": {"image": "property_images/edaf2774735f7a13a1c17c2d89dea8cd-2882204025118530903.jpg", "listing": "ee63c312-ed3b-47b8-a21a-2972c0a8b869", "image_hash": "fe307cfcf4707070"}}, {"model": "listings.listingimage", "pk": 22, "fields": {"image": "property_images/441c79905e982cf2cc7cd9336f60990e-2882204020308501839.jpg", "listing": "ee63c312-ed3b-47b8-a21a-2972c0a8b869", "image_hash": "ececec00ecffff07"}}, {"model": "listings.listingimage", "pk": 23, "fields": {"image": "property_images/802f414653cc6393877b0a4febd29158-2882203989806802255.jpg", "listing": "ee63c312-ed3b-47b8-a21a-2972c0a8b869", "image_hash": "f889ecfc8c7bc1c0"}}, {"model": "listings.listingimage", "pk": 24, "fields": {"image": "property_images/0a9d62c96b918724b468711d2c9e443c-2882203978711571799.jpg", "listing": "ee63c312-ed3b-47b8-a21a-2972c0a8b869", "image_hash": "f8fcf0f8f030181f"}}, {"model": "listings.listingimage", "pk": 25, "fields": {"image": "property_images/309e10befd5d47379f80d07c1252f0bb-2882203969170236751.jpg", "listing": "ee63c312-ed3b-47b8-a21a-2972c0a8b869", "image_hash": "3f3f1d3103184621"}}, {"model": "listings.listingimage", "pk": 26, "fields": {"image": "property_images/d5b2a7a7770f50edf9bf951571c9dd0a-2882203957577114959_1.jpg", "listing": "ee63c312-ed3b-47b8-a21a-2972c0a8b869", "image_hash": "ffffff0c00000f84"}}, {"model": "listings.listingimage", "pk": 27, "fields": {"image": "property_images/a85724c33ff543652ebaf1a923b8294b-2888426602669036843.jpg", "listing": "bd04c0df-b997-4436-8f97-41cb1b7152c0", "image_hash": "64feffffbf800000"}}, {"model": "listings.listingimage", "pk": 28, "fields": {"image": "property_images/3888b222e0807684e13b1a64a10d24df-2888426603107450135.jpg", "listing": "bd04c0df-b997-4436-8f97-41cb1b7152c0", "image_hash": "070f07000e0e2636"}}, {"model": "listings.listingimage", "pk": 29, "fields": {"image": "property_images/94b4d4681e4827ff258b5d69b357921d-2888426602020522068.jpg", "listing": "bd04c0df-b997-4436-8f97-41cb1b7152c0", "image_hash": "79fbff743430f8e0"}}, {"model": "listings.listingimage", "pk": 30, "fields": {"image": "property_images/5b85630c5d768993b80eb7ede555b204-2888426601938975199.jpg", "listing": "bd04c0df-b997-4436-8f97-41cb1b7152c0", "image_hash": "0f777f1f3f07470c"}}, {"model": "listings.listingimage", "pk": 31, "fields": {"image": "property_images/34e3d60829ec8fbcefc872710c46c7be-2888426601986120522.jpg", "listing": "bd04c0df-b997-4436-8f97-41cb1b7152c0", "image_hash": "7fffcf9f91c0c808"}}, {"model": "listings.listingimage", "pk": 32, "fields": {"image": "property_images/8ddf19f662c8a210ea5a1d06358e9a89-2933032014827302397.jpg", "listing": "9103e0b6-586c-4ad0-a38d-dfed4b11313c", "image_hash": "ece5e57f0307277f"}}, {"model": "listings.listingimage", "pk": 33, "fields": {"image": "property_images/8834c6859fb28064682352619d09be74-2933032012176371197.jpg", "listing": "9103e0b6-586c-4ad0-a38d-dfed4b11313c", "image_hash": "efe77f7d673f3378"}}, {"model": "listings.listingimage", "pk": 34, "fields": {"image": "property_images/368e91e2b408d267c1674355b99e3af6-2933201522108411389.jpg", "listing": "9103e0b6-586c-4ad0-a38d-dfed4b11313c", "image_hash": "efffde9cccc43c3c"}}, {"model": "listings.listingimage", "pk": 35, "fields": {"image": "property_images/675d12f0bc48b61857b8145e273b44ff-2933032011455642972.jpg", "listing": "9103e0b6-586c-4ad0-a38d-dfed4b11313c", "image_hash": "fffffff0f0e018b8"}}, {"model": "listings.listingimage", "pk": 36, "fields": {"image": "property_images/a210c5062f00ba0db7af0189760118e6-2929002336767118875.jpg", "listing": "fda4a256-91c2-47c9-b863-4ccce2d70e9f", "image_hash": "dececfc7c060e098"}}, {"model": "listings.listingimage", "pk": 37, "fields": {"image": "property_images/973843c900d9d77a2174341e4850c3de-2929002340777135643.jpg", "listing": "fda4a256-91c2-47c9-b863-4ccce2d70e9f", "image_hash": "ff9f0f080616f080"}}, {"model": "listings.listingimage", "pk": 38, "fields": {"image": "property_images/76c3eda584430133f60d75db7ac73339-2929002554545212955.jpg", "listing": "fda4a256-91c2-47c9-b863-4ccce2d70e9f", "image_hash": "3b1331797b2a0078"}}, {"model": "listings.listingimage", "pk": 39, "fields": {"image": "property_images/e571a951c524f93682e47f4ba562b89f-2929002194605459500.jpg", "listing": "fda4a256-91c2-47c9-b863-4ccce2d70e9f", "image_hash": "810066e70042e7ff"}}, {"model": "listings.listingimage", "pk": 40, "fields": {"image": "property_images/bc561f7fc823ab5ff6401844842ea921-2929002186992324123.jpg", "listing": "fda4a256-91c2-47c9-b863-4ccce2d70e9f", "image_hash": "00222636363e3e36"}}, {"model": "listings.listingimage", "pk": 41, "fields": {"image": "property_images/83ca0a724011b12bc54c35223af237c7-2929002328965582363.jpg", "listing": "fda4a256-91c2-47c9-b863-4ccce2d70e9f", "image_hash": "7f39070e0c05f7e1"}}, {"model": "listings.listingimage", "pk": 42, "fields": {"image": "property_images/36f530b6acfc4f214bfcf7a07e534bf7-2929002322814452648.jpg", "listing": "fda4a256-91c2-47c9-b863-4ccce2d70e9f", "image_hash": "f901f9cdcc3fa202"}}, {"model": "users.customuser", "pk": 1, "fields": {"password": "pbkdf2_sha256$1000000$lrTDJoWynIoaA6DQb0tB9Z$nH53slTOG72apcFrOLDDjVRVnPmn2LC1Kmf8EOdc2eA=", "last_login": "2025-05-30T18:21:22.428Z", "is_superuser": false, "username": "Hakim01", "first_name": "Muhammad Iqbal", "last_name": "Hakim", "email": "580768hakim@gmail.com", "is_staff": false, "is_active": true, "date_joined": "2025-04-28T16:25:35.557Z", "phone_number": "0172791008", "gender": "male", "profile_picture": "", "groups": [], "user_permissions": []}}, {"model": "users.customuser", "pk": 2, "fields": {"password": "pbkdf2_sha256$1000000$2kxG6OPu6bQHwLJXnXE4WR$wuYDP3+XFKiHKLDZRVYcIBUe+MCWcYFHoidpIVr/S/o=", "last_login": "2025-06-01T18:04:39.749Z", "is_superuser": true, "username": "hakim", "first_name": "", "last_name": "", "email": "580768hakim@gmail.com", "is_staff": true, "is_active": true, "date_joined": "2025-04-30T15:32:48.624Z", "phone_number": "", "gender": "", "profile_picture": "", "groups": [], "user_permissions": []}}, {"model": "users.customuser", "pk": 3, "fields": {"password": "pbkdf2_sha256$1000000$2Iat80HBqQT9rF86xANss8$eXZqjXFq4VIvuuzaVJ5YQ0ua/yBVe+9PxuaVuabTVVE=", "last_login": "2025-05-02T16:19:22.473Z", "is_superuser": false, "username": "Hakim02", "first_name": "iqbal", "last_name": "hakim2", "email": "123@email.com", "is_staff": false, "is_active": true, "date_joined": "2025-05-02T13:18:44.564Z", "phone_number": "123434667", "gender": "male", "profile_picture": "", "groups": [], "user_permissions": []}}, {"model": "users.customuser", "pk": 4, "fields": {"password": "pbkdf2_sha256$390000$WpyxxiHdSEcXjrsBUvvUxG$DY5zbLUY8zd8LzKgweBR9YmHsy7XgbFvCXIK2iyWqwg=", "last_login": "2025-05-03T16:02:21.325Z", "is_superuser": false, "username": "Hakim03", "first_name": "james", "last_name": "bond", "email": "123456789@email.com", "is_staff": false, "is_active": true, "date_joined": "2025-05-03T16:02:21.177Z", "phone_number": "12345678", "gender": "male", "profile_picture": "", "groups": [], "user_permissions": []}}, {"model": "users.customuser", "pk": 6, "fields": {"password": "pbkdf2_sha256$1000000$YRAXT3ddmCoFqIsgcYNSBw$eBo6zngIS+2CtSNT3RNEkIThmLRnoDOpQ5o4joujLYQ=", "last_login": "2025-06-01T18:23:55.567Z", "is_superuser": false, "username": "EmilyB", "first_name": "Emily", "last_name": "Blunt", "email": "emilys@gmail.com", "is_staff": false, "is_active": true, "date_joined": "2025-05-03T16:23:52.233Z", "phone_number": "012345678", "gender": "female", "profile_picture": "profile_pictures/download.jpg", "groups": [], "user_permissions": []}}, {"model": "users.customuser", "pk": 7, "fields": {"password": "pbkdf2_sha256$1000000$2BzAXgD4fvKPzUabhmFfl4$ULUrPDttXaXOEvAQTpCIwZsG3Phc6ZlBoh0zjt0DRBI=", "last_login": "2025-06-02T20:56:46.066Z", "is_superuser": false, "username": "James", "first_name": "James", "last_name": "Smith", "email": "JS@gmail.com", "is_staff": false, "is_active": true, "date_joined": "2025-05-17T16:32:24.190Z", "phone_number": "0123456789", "gender": "male", "profile_picture": "", "groups": [], "user_permissions": []}}, {"model": "users.customuser", "pk": 8, "fields": {"password": "pbkdf2_sha256$1000000$mlC1LyTAp4ZaF13QIbnD8j$5qrmb5R59yInPzyMPDPQhZxAVvQu1n+UGy8JPrAlkHE=", "last_login": "2025-05-20T16:41:00.701Z", "is_superuser": false, "username": "AzizahGC", "first_name": "Azizah", "last_name": "Gita Cahyani", "email": "AGC@gmail.com", "is_staff": false, "is_active": true, "date_joined": "2025-05-20T16:36:01.469Z", "phone_number": "0172778890", "gender": "female", "profile_picture": "profile_pictures/Screenshot_2025-03-09_231824.png", "groups": [], "user_permissions": []}}, {"model": "chat.message", "pk": 1, "fields": {"sender": 1, "receiver": 7, "content": "test", "timestamp": "2025-05-18T16:30:06.209Z"}}, {"model": "chat.message", "pk": 2, "fields": {"sender": 1, "receiver": 7, "content": "halo hakim", "timestamp": "2025-05-18T16:30:16.615Z"}}, {"model": "chat.message", "pk": 3, "fields": {"sender": 7, "receiver": 1, "content": "halo juga", "timestamp": "2025-05-19T00:52:47.114Z"}}, {"model": "chat.message", "pk": 4, "fields": {"sender": 7, "receiver": 1, "content": "apa kabar hakim", "timestamp": "2025-05-19T15:34:24.005Z"}}, {"model": "chat.message", "pk": 5, "fields": {"sender": 1, "receiver": 7, "content": "baik", "timestamp": "2025-05-19T15:35:01.935Z"}}, {"model": "chat.message", "pk": 6, "fields": {"sender": 7, "receiver": 1, "content": "testing", "timestamp": "2025-05-19T16:23:20.939Z"}}, {"model": "chat.message", "pk": 7, "fields": {"sender": 7, "receiver": 1, "content": "done", "timestamp": "2025-05-25T16:36:07.687Z"}}, {"model": "chat.message", "pk": 8, "fields": {"sender": 7, "receiver": 6, "content": "halo", "timestamp": "2025-05-29T17:18:14.419Z"}}, {"model": "chat.message", "pk": 9, "fields": {"sender": 6, "receiver": 7, "content": "<3", "timestamp": "2025-06-01T18:34:34.164Z"}}]